{"xscaler": {"mean": [], "scale": [], "columns": []}, "wscaler": {"mean": [0.6222299605781866, 0.458148725672288, 5.747993999166214, 10.862811369621847, 8.532499586162006], "scale": [0.1397196778540178, 0.13518587297724569, 1.1643032504898907, 0.23542972174948623, 1.852363869388856], "columns": ["broadband_usage", "Democrat", "Lop_Pop_density", "Log_Med_HH_Income", "pm25"]}}